# b6090c78-2c38-489a-9705-9f7a69b9fcd5,,
# 603fd3987364b09f9aacb70d1ed12c268e24dd56,,
# s_m,x_m,y_m
0.0000000,0.9668310445245268,0.25538354310917183
0.1999628,1.025716962449558,0.0324857169024171
0.3999256,1.0844850453079429,-0.1911087441135189
0.5998883,1.1429806043063095,-0.4148372906134621
0.7998511,1.2011888243448503,-0.6386990950949185
0.9998139,1.2590964037895285,-0.862691841979172
1.1997767,1.3166965607814316,-1.086836352287022
1.3997394,1.3739679279327202,-1.3111341687628486
1.5997022,1.430865748033963,-1.5354504082098142
1.7996650,1.4873887445932565,-1.759597545724978
1.9996278,1.5435781276837344,-1.9834338545445152
2.1995905,1.5995186636597556,-2.2068797360492742
2.3995533,1.6553119678500356,-2.429927586909808
2.5995161,1.7110358624508069,-2.6525650513872665
2.7994789,1.7668061185501909,-2.874757377631641
2.9994416,1.8227084563220366,-3.0964805432149514
3.1994044,1.8788317561559233,-3.3177152170942548
3.3993672,1.9352750030252894,-3.5384441607631905
3.5993300,1.992113473861823,-3.758629437403113
3.7992927,2.049453855800715,-3.978241683056998
3.9992555,2.1074654933730574,-4.197500109376932
4.1992183,2.166209579718713,-4.416740456861177
4.3991811,2.225656713359801,-4.63613067786122
4.5991438,2.2857435676784332,-4.855738783021145
4.7991066,2.3463801837776987,-5.075577893284464
4.9990694,2.4074833614196365,-5.295661169071862
5.1990322,2.468977171118083,-5.516013071149952
5.3989949,2.530788534251643,-5.736654475292614
5.5989577,2.5928380852263415,-5.9576063222536915
5.7989205,2.6550278860599392,-6.178896448990205
5.9988833,2.7172907976873373,-6.400543691949777
6.1988460,2.779539216940164,-6.622560065621974
6.3988088,2.8416653646114147,-6.844837832704326
6.5987716,2.9035941510773924,-7.067192717551887
6.7987344,2.96531723556714,-7.289547380861211
6.9986971,3.026846989500186,-7.511898156774788
7.1986599,3.0881956730903006,-7.7342412353873575
7.3986227,3.1493756990356556,-7.956572703790488
7.5985855,3.2103995907727483,-8.178889164496224
7.7985482,3.271279785385293,-8.401187122450652
7.9985110,3.332028724180692,-8.623462963355975
8.1984738,3.392658650085321,-8.845713361357666
8.3984366,3.4531817461424796,-9.067935041263079
8.5983993,3.513610343795518,-9.290124479349661
8.7983621,3.5739586631739533,-9.512277719711761
8.9983249,3.634237455256083,-9.734391922497592
9.1982877,3.6944602265203548,-9.956463458182299
9.3982504,3.754638791974769,-10.178489074910846
9.5982132,3.8147852759102894,-10.400465342924885
9.7981760,3.8749122903755606,-10.62238877353831
9.9981388,3.935032979939734,-10.844255969008872
10.1981015,3.995159152963231,-11.06606415568448
10.3980643,4.055303547877456,-11.28781012940472
10.5980271,4.115477260400895,-11.509488469588124
10.7979899,4.175692117590316,-11.731099480545296
10.9979526,4.235972551588693,-11.952666398945267
11.1979154,4.296324287492898,-12.174219629136461
11.3978782,4.356748074777191,-12.395771530702076
11.5978410,4.417238495594922,-12.61732756492737
11.7978037,4.477789645167134,-12.83888788875905
11.9977665,4.5383983815522395,-13.060452723480658
12.1977293,4.599060433090414,-13.282023541122161
12.3976921,4.65977139946325,-13.503601664539163
12.5976548,4.720526861245728,-13.725188312648644
12.7976176,4.781322386865248,-13.946784662520733
12.9975804,4.842153528083737,-14.168391805913902
13.1975432,4.9030158921159765,-14.390010818880715
13.3975059,4.963905192779139,-14.611643133324913
13.5974687,5.024817042547351,-14.833290209103355
13.7974315,5.085746890756194,-15.054952902653271
13.9973943,5.146690255372761,-15.276632215264732
14.1973570,5.207643059471838,-15.498329655486192
14.3973198,5.268600613576178,-15.720046602599004
14.5972826,5.329558629758017,-15.941784001761716
14.7972454,5.390512679051941,-16.16354328523952
14.9972081,5.451458245645961,-16.385325750064546
15.1971709,5.512390647117672,-16.60713170777532
15.3971337,5.573305514646002,-16.828963396016814
15.5970965,5.634199934534259,-17.050826734836892
15.7970592,5.695072016106079,-17.272736782980182
15.9970220,5.755914591841555,-17.49471322283236
16.1969848,5.816715167355808,-17.716764742631423
16.3969476,5.877459624270604,-17.93889315264365
16.5969103,5.9381340414589765,-18.161100709604554
16.7968731,5.9987261521057045,-18.38339349895518
16.9968359,6.059223708178197,-18.605780262724323
17.1967987,6.1196073362200325,-18.828249452591457
17.3967614,6.1798672872773714,-19.050793216151725
17.5967242,6.240014254335266,-19.273493490799748
17.7966870,6.299989285293455,-19.49630522527379
17.9966498,6.359691298853013,-19.718790023348998
18.1966126,6.419054283131477,-19.940226202873564
18.3965753,6.478196736743514,-20.15980722232397
18.5965381,6.537581977573431,-20.37711569009291
18.7965009,6.5976679664294275,-20.592127904111482
18.9964637,6.658842341815737,-20.804729427800435
19.1964264,6.721492352933256,-21.01475018169713
19.3963892,6.785999846449228,-21.222042073747996
19.5963520,6.852729085052661,-21.42645252076512
19.7963148,6.922050128229696,-21.627805894460163
19.9962775,6.994309022842134,-21.82591383434114
20.1962403,7.0694671849342745,-22.01988468130966
20.3962031,7.146613188201189,-22.206409094380184
20.5961659,7.225664681300673,-22.38181527194086
20.7961286,7.307629450678734,-22.544778206458382
20.9960914,7.3995570890917275,-22.703544421720594
21.1960542,7.508868955474251,-22.87475703694249
21.3960170,7.631237807200398,-23.06268576683745
21.5959797,7.758209587728393,-23.259274289345186
21.7959425,7.8814477180099,-23.453069230966655
21.9959053,7.998173185751159,-23.63465063198797
22.1958681,8.11134352968891,-23.802656284616425
22.3958308,8.223118865349031,-23.957063296406112
22.5957936,8.334724494530672,-24.097331567459584
22.7957564,8.448978032351834,-24.225082546334193
22.9957192,8.568019611904344,-24.342726951318777
23.1956819,8.691602689265267,-24.450143786962983
23.3956447,8.818643556468421,-24.546240262422245
23.5956075,8.948147933186744,-24.630082802014908
23.7955703,9.08225322168355,-24.70235193270481
23.9955330,9.224919532471606,-24.765381758455575
24.1954958,9.379097919973503,-24.82059378379141
24.3954586,9.546274199501662,-24.869074950965462
24.5954214,9.72595252776052,-24.91144664986813
24.7953841,9.914684688912601,-24.948233460127167
24.9953469,10.10614836534728,-24.978881267006678
25.1953097,10.291034502751454,-25.002017925438455
25.3952725,10.459618273994558,-25.014791395519055
25.5952352,10.60662650804838,-25.01542774556649
25.7951980,10.72806697127214,-25.00456749366789
25.9951608,10.81813320324239,-24.98608394291069
26.1951236,10.887962573114335,-24.958688370496745
26.3950863,10.966477743424218,-24.911513792712277
26.5950491,11.064257974345272,-24.83546904677967
26.7950119,11.180098666665124,-24.72788283834875
26.9949747,11.310982751157399,-24.592562301513755
27.1949374,11.453740264971335,-24.436989027213443
27.3949002,11.604791315059591,-24.2701132671382
27.5948630,11.759997893592779,-24.098870708330427
27.7948258,11.916362584853744,-23.927270063520947
27.9947885,12.072931321834776,-23.75605979567039
28.1947513,12.230458881300947,-23.584618081465507
28.3947141,12.389148603087714,-23.413092435174573
28.5946769,12.548957509474198,-23.241759144860232
28.7946396,12.709989851444357,-23.070719756158297
28.9946024,12.87242120690926,-22.90001946540212
29.1945652,13.036404857943166,-22.72977629288801
29.3945280,13.201746687324247,-22.56043963838577
29.5944907,13.36908188490327,-22.391344471116202
29.7944535,13.542172993386993,-22.219672733268677
29.9944163,13.725794616036449,-22.044208521306057
30.1943791,13.92328844965555,-21.866422286851908
30.3943418,14.13794877512684,-21.688959205017092
30.5943046,14.372510135362875,-21.515915826757713
30.7942674,14.627484225464015,-21.35325539484226
30.9942302,14.899490544627145,-21.20772617078947
31.1941929,15.180497223680433,-21.084977174393856
31.3941557,15.463805254318327,-20.98522061181106
31.5941185,15.748677618500686,-20.90607815972534
31.7940813,16.034960623840057,-20.845943633840218
31.9940440,16.324496229106074,-20.803508771941747
32.1940068,16.629346064152045,-20.77900425638342
32.3939696,16.9605858879263,-20.781647757169523
32.5939324,17.314406803258336,-20.825258045739897
32.7938951,17.66237293956095,-20.916758861463627
32.9938579,17.96847979348656,-21.03795403512804
33.1938207,18.230308871948278,-21.166085070032157
33.3937835,18.46382078516517,-21.29441919635178
33.5937462,18.681662001042458,-21.421937971312456
33.7937090,18.890311309151407,-21.54930708738714
33.9936718,19.090050407719705,-21.67418075906291
34.1936346,19.281779756135997,-21.794576310023746
34.3935973,19.46820159139949,-21.909667080195103
34.5935601,19.653195305457572,-22.020024686553057
34.7935229,19.839550124055997,-22.127309294983284
34.9934857,20.027467960773293,-22.231901045436363
35.1934484,20.216675818890927,-22.333550710537548
35.3934112,20.407234947631974,-22.43218619338957
35.5933740,20.599148404842527,-22.527785391005743
35.7933368,20.79234901471445,-22.620288454272167
35.9932996,20.986795210831875,-22.70963248691424
36.1932623,21.1824563348976,-22.79575586046897
36.3932251,21.379292462139585,-22.878594975453982
36.5931879,21.577257856220893,-22.958092100662167
36.7931507,21.776309970640863,-23.03418320883312
36.9931134,21.9764031662061,-23.10680673090254
37.1930762,22.177490463278136,-23.175897431564163
37.3930390,22.37951957377569,-23.241403093173307
37.5930018,22.582443431755493,-23.303248323569587
37.7929645,22.78620663636375,-23.361378113069176
37.9929273,22.990754292017215,-23.415730706562364
38.1928901,23.19602904587383,-23.466246493918018
38.3928529,23.40197228777855,-23.512863325692315
38.5928156,23.608520742500144,-23.555529662158197
38.7927784,23.815615770979925,-23.59418376209443
38.9927412,24.023218567947723,-23.628776561017357
39.1927040,24.231326785862922,-23.659279220346324
39.3926667,24.4399039109979,-23.685669232741688
39.5926295,24.648856143273093,-23.707926785282876
39.7925923,24.85808705642702,-23.726013410588433
39.9925551,25.067499535538513,-23.739899793802742
40.1925178,25.276994427663023,-23.74956218621556
40.3924806,25.486471697087374,-23.754955834324566
40.5924434,25.69583023695047,-23.75606154624146
40.7924062,25.904966814114232,-23.752834076931723
40.9923689,26.113776161981203,-23.745248158175723
41.1923317,26.32215148160969,-23.73326436564456
41.3922945,26.52998469699276,-23.716858896192846
41.5922573,26.737164089862638,-23.695986379889852
41.7922200,26.94357787319056,-23.67063154307911
41.9921828,27.14910908225606,-23.64074695324074
42.1921456,27.353642762537945,-23.60631631525707
42.3921084,27.557059483991186,-23.567309331009604
42.5920711,27.75923734973456,-23.523698301947807
42.7920339,27.960053458390064,-23.475462617294554
42.9919967,28.159389132737797,-23.42258550275684
43.1919595,28.35711209819379,-23.36504073369758
43.3919222,28.553086742801273,-23.302832982058245
43.5918850,28.747218917818984,-23.235922019933092
43.7918478,28.939465134769392,-23.16428775331642
43.9918106,29.1297914110439,-23.0879274920362
44.1917733,29.318130554398355,-23.00685220366005
44.3917361,29.50435899513648,-22.92112918621796
44.5916989,29.68829834766545,-22.830839879061173
44.7916617,29.86975897167932,-22.736028541497085
44.9916244,30.04897586646552,-22.63649385734387
45.1915872,30.22652102770023,-22.532064374359624
45.3915500,30.40269676818044,-22.422819362703
45.5915128,30.57763856177594,-22.30893658221166
45.7914755,30.751479590373762,-22.19062693075053
45.9914383,30.924069537226895,-22.068375396301253
46.1914011,31.094822019170902,-21.942800006779205
46.3913639,31.26311419440128,-21.814337976229496
46.5913266,31.428487573136703,-21.68319920029638
46.7912894,31.590734655904086,-21.549348355114915
46.9912522,31.749772068416554,-21.412720923698753
47.1912150,31.905450857926155,-21.273308690894456
47.3911777,32.057596423832265,-21.131097100333267
47.5911405,32.2060454620109,-20.986068124538793
47.7911033,32.350657326922374,-20.838206482742944
47.9910661,32.49127079239059,-20.68750757584897
48.1910288,32.6276834170348,-20.53404511532727
48.3909916,32.759870537513535,-20.37755446366655
48.5909544,32.88835141039362,-20.217364122660044
48.7909172,33.013687348235486,-20.0531247753655
48.9908799,33.13613953209416,-19.884898792789933
49.1908427,33.255883361322184,-19.712899708533598
49.3908055,33.37302240448429,-19.537374565002153
49.5907683,33.48770714082021,-19.358544149557225
49.7907310,33.600119073687466,-19.176620499808525
49.9906938,33.71043071306854,-18.991809177115726
50.1906566,33.81881853646454,-18.80429264848052
50.3906194,33.925463879373766,-18.61423686444888
50.5905821,34.03055372428195,-18.42184133770497
50.7905449,34.13402641095253,-18.22792945521637
50.9905077,34.23477435807921,-18.034746315901852
51.1904705,34.331073528333654,-17.843680746677848
51.3904332,34.42214266014441,-17.654548319745828
51.5903960,34.50727390304064,-17.46739590736338
51.7903588,34.58563334404198,-17.28218341586896
51.9903216,34.657200622575246,-17.09681011168084
52.1902843,34.72312146073342,-16.90817453552598
52.3902471,34.78491838722452,-16.712901390637388
52.5902099,34.84455432738849,-16.509357493963247
52.7901727,34.90317094580511,-16.29834156468573
52.9901355,34.9618501519974,-16.080931901267483
53.1900982,35.02165308906872,-15.858471613631457
53.3900610,35.08276190834911,-15.63368301121808
53.5900238,35.14468535958995,-15.408864539403693
53.7899866,35.207342708877434,-15.184173357289648
53.9899493,35.27086155534159,-14.959424937616713
54.1899121,35.33528249427752,-14.734709838288552
54.3898749,35.400635996974586,-14.510067229427637
54.5898377,35.466977475039414,-14.285491334864073
54.7898004,35.5343406690229,-14.061050250795585
54.9897632,35.602756618007966,-13.836736868511961
55.1897260,35.67234075768548,-13.612386500094619
55.3896888,35.74307804538454,-13.388446278705345
55.5896515,35.8144705850321,-13.16600916251209
55.7896143,35.88561695017689,-12.946444769520314
55.9895771,35.955426356688456,-12.73081335034137
56.1895399,36.022698078313,-12.519115163810097
56.3895026,36.08659100303218,-12.310742280054544
56.5894654,36.14659880261306,-12.104642412027443
56.7894282,36.202785694148616,-11.89831263600465
56.9893910,36.25627729713672,-11.688583955251179
57.1893537,36.30830508485441,-11.474511717426093
57.3893165,36.35947462075229,-11.256608737394673
57.5892793,36.410482539464724,-11.035102314835957
57.7892421,36.462052750372045,-10.810820708477712
57.9892048,36.51416795815432,-10.585527911622014
58.1891676,36.5665886702593,-10.360295516609753
58.3891304,36.61929274929813,-10.135166097584165
58.5890932,36.67227753326521,-9.910130139532649
58.7890559,36.72553337299994,-9.685194536105064
58.9890187,36.77905170219756,-9.460357682693235
59.1889815,36.832825233174006,-9.235616300718672
59.3889443,36.88684615068226,-9.010969305668151
59.5889070,36.94110649779287,-8.786415355611108
59.7888698,36.995598528205626,-8.5619525767104
59.9888326,37.05031447795564,-8.337579390355765
60.1887954,37.10524649917216,-8.113294289664536
60.3887581,37.16038680192866,-7.889095520217188
60.5887209,37.215727644268355,-7.6649813166855765
60.7886837,37.27126125753222,-7.44095000468314
60.9886465,37.326979895117766,-7.2169997828675365
61.1886092,37.38287586774441,-6.993128806956566
61.3885720,37.438941418974096,-6.769335528059267
61.5885348,37.49516871439648,-6.545618285668435
61.7884976,37.55155008865261,-6.321974900989508
61.9884603,37.60807795642811,-6.098403458048754
62.1884231,37.66474453289264,-5.874902504122983
62.3883859,37.7215420460606,-5.651470146927851
62.5883487,37.778462911052976,-5.428104208775783
62.7883114,37.835499491508685,-5.204802902336773
62.9882742,37.89264405752446,-4.981564503741
63.1882370,37.949888941994104,-4.758387043833471
63.3881998,38.0072265915121,-4.535268555791998
63.5881625,38.06465016363391,-4.312207329642699
63.7881253,38.12215100521625,-4.089201235785141
63.9880881,38.179721360987855,-3.8662483539564687
64.1880509,38.23735396685883,-3.6433467349496267
64.3880136,38.29504061712977,-3.4204942088102266
64.5879764,38.352774419931485,-3.197689125836412
64.7879392,38.41054712426998,-2.974929361281333
64.9879020,38.46835155345508,-2.7522129168453806
65.1878647,38.526180152956705,-2.5295379679765495
65.3878275,38.58402584045266,-2.3069028664191333
65.5877903,38.64188038880806,-2.0843051897990046
65.7877531,38.69973608499716,-1.8617427671740052
65.9877158,38.75758581111014,-1.6392141381072982
66.1876786,38.81542117286391,-1.4167172191239432
66.3876414,38.87323533971879,-1.194249885978055
66.5876042,38.931020333955246,-0.9718097741250381
66.7875669,38.988769047430466,-0.7493953161570764
66.9875297,39.04647342709649,-0.5270059558597137
67.1874925,39.10412656414818,-0.3046336355711331
67.3874553,39.161727944473284,-0.08225963809091265
67.5874180,39.219281097331084,0.14012932988222884
67.7873808,39.27678854817124,0.3625371132575345
67.9873436,39.33425224571437,0.5849640178117868
68.1873064,39.39167352130146,0.8074088783256833
68.3872691,39.44905381596966,1.0298713788062757
68.5872319,39.50639475328066,1.25235129801197
68.7871947,39.56369787831204,1.4748481395268482
68.9871575,39.62096470166731,1.697361456870356
69.1871202,39.67819676723082,1.9198908787481122
69.3870830,39.735395615873,2.1424359874449075
69.5870458,39.7925627717199,2.3649963573330446
69.7870086,39.84969976805813,2.5875716057439524
69.9869713,39.90680815124668,2.8101613655968185
70.1869341,39.963889476599114,3.0327652612969915
70.3868969,40.02094528645282,3.2553828448404567
70.5868597,40.0779770861784,3.4780136656820186
70.7868225,40.1349864342683,3.7006574742773295
70.9867852,40.191974954226474,3.9233139368048584
71.1867480,40.24894413780849,4.145982364163512
71.3867108,40.3058954173265,4.368662323075511
71.5866736,40.362830412677816,4.591353761225289
71.7866363,40.41975076039312,4.814056280866977
71.9865991,40.47665794599587,5.036769244334917
72.1865619,40.533553459752525,5.259492231148122
72.3865247,40.590438848333655,5.482224925395216
72.5864874,40.64731567504627,5.704967001434501
72.7864502,40.70418547106608,5.927718117037806
72.9864130,40.76104987258233,6.15047785083471
73.1863758,40.817910329810296,6.373245700195661
73.3863385,40.87476839190129,6.5960211505810555
73.5863013,40.931625559857544,6.818804032491786
73.7862641,40.98848349517048,7.041594061051553
73.9862269,41.04534372019874,7.264390575551134
74.1861896,41.1022076875463,7.4871931319558795
74.3861524,41.159076993916365,7.710001566692176
74.5861152,41.215953249768496,7.932815528634709
74.7860780,41.27283799163256,8.155634510704743
74.9860407,41.329732724465224,8.378457977274879
75.1860035,41.38663893764167,8.601285537966666
75.3859663,41.443558220676714,8.824117021805721
75.5859291,41.50049218872882,9.04695202648777
75.7858918,41.557442323898265,9.269789935687562
75.9858546,41.61441012587752,9.49263040930593
76.1858174,41.6713972021262,9.715473216792589
76.3857802,41.728405125894675,9.938317917312872
76.5857429,41.785435102962204,10.161162538973397
76.7857057,41.842487112184415,10.384003318827267
76.9856685,41.89956047585791,10.606838337069332
77.1856313,41.95665520245988,10.829667815908362
77.3855940,42.01377129508806,11.052491641848963
77.5855568,42.0709085842519,11.27530956782616
77.7855196,42.12806697017141,11.498121686762474
77.9854824,42.18524642493779,11.720928128192885
78.1854451,42.24244689454298,11.943728911099063
78.3854079,42.299668321487694,12.166524056495621
78.5853707,42.35691065633472,12.38931358646695
78.7853335,42.41417383359055,12.612097458235526
78.9852962,42.47145776006501,12.834875638790106
79.1852590,42.52876236657384,13.057648184602249
79.3852218,42.58608760398087,13.280415144616153
79.5851846,42.643433409082114,13.503176522356963
79.7851473,42.70079971473283,13.725932324284656
79.9851101,42.75818645695135,13.948682568359823
80.1850729,42.8155935764936,14.171427285861133
80.3850357,42.873021015763,14.394166480305353
80.5849984,42.930468689828984,14.61690009300133
80.7849612,42.98793650612459,14.839628159094891
80.9849240,43.0454244367308,15.06235082291384
81.1848868,43.10293245875033,15.285068099082666
81.3848495,43.16046048869528,15.507779899274254
81.5848123,43.218008424645866,15.730486145218219
81.7847751,43.275576166344784,15.95318688724461
81.9847379,43.333163704922214,16.175882376006815
82.1847006,43.390771058955025,16.39857259544803
82.3846634,43.44839807633428,16.62125724803327
82.5846262,43.50604462061174,16.843936435799243
82.7845890,43.56371072803138,17.066610436622444
82.9845517,43.62139637103965,17.289279158228894
83.1845145,43.67910142176538,17.511942472049874
83.3844773,43.73682581100147,17.7346004562724
83.5844401,43.7945694932083,17.95725314703942
83.7844028,43.8523323839196,18.17990050983218
83.9843656,43.91011441836262,18.402542639197954
84.1843284,43.96791558830606,18.62517963432076
84.3842912,44.02573582933308,18.84781137367916
84.5842539,44.083575016138866,19.070437793409933
84.7842167,44.141433102665076,19.293059042101948
84.9841795,44.19931006405222,19.515675138258246
85.1841423,44.25720579722301,19.738285984790235
85.3841050,44.31512024316308,19.960891753983738
85.5840678,44.37305342702283,20.18349249845499
85.7840306,44.43100511919011,20.406087506080436
85.9839934,44.48897443198076,20.62867454275064
86.1839561,44.54695924693898,20.851249998194675
86.3839189,44.604956832269465,21.073812542102182
86.5838817,44.662965324044215,21.296363227161848
86.7838445,44.72098287312119,21.518902591168835
86.9838072,44.77900742809636,21.741430895690765
87.1837700,44.83703698719618,21.963948673940546
87.3837328,44.89506959878103,22.18645651177611
87.5836956,44.953103300138324,22.408954932488037
87.7836583,45.01113610597941,22.631444365195485
87.9836211,45.06916593930068,22.85392525240544
88.1835839,45.12719089313008,23.07639827167432
88.3835467,45.185209025092284,23.298864102021685
88.5835095,45.2432184126709,23.521323051027448
88.7834722,45.30121697789509,23.743775525170932
88.9834350,45.359202749621495,23.966222142989746
89.1833978,45.4171738068707,24.188663468649064
89.3833606,45.4751281848432,24.411100010424384
89.5833233,45.533063922137636,24.633532295450117
89.7832861,45.59097906136313,24.85596081382942
89.9832489,45.64887160270462,25.078385974937497
90.1832117,45.706739540367415,25.30080831665961
90.3831744,45.764580955724306,25.523228510515125
90.5831372,45.82239391097636,25.745646984744656
90.7831000,45.880176361990664,25.968064095251957
90.9830628,45.93792635214499,26.190480565267546
91.1830255,45.99564203300942,26.41289704531754
91.3829883,46.053321420230674,26.63531378255688
91.5829511,46.11096246309908,26.857731188758546
91.7829139,46.168563225388375,27.080149942641537
91.9828766,46.22612179536355,27.302570602210878
92.1828394,46.28363621866278,27.524993616945753
92.3828022,46.341104523480006,27.747419432172094
92.5827650,46.39852473593691,27.969848558510837
92.7827277,46.45589493816241,28.192281589293007
92.9826905,46.513213184469805,28.414718815654602
93.1826533,46.57047730831614,28.637160527167033
93.3826161,46.627685590951145,28.859608709352578
93.5825788,46.68483736948427,29.082063687066768
93.7825416,46.74192892338232,29.30451907450326
93.9825044,46.79895459732937,29.526982301907914
94.1824672,46.855922876711205,29.749478084677058
94.3824299,46.91283974436369,29.9719522529995
94.5823927,46.969649665197345,30.194349085595572
94.7823555,47.026384072585834,30.416965367719797
94.9823183,47.08318474215952,30.6397129274284
95.1822810,47.13962522950174,30.860962469499473
95.3822438,47.19449899501737,31.078081402766827
95.5822066,47.24576938040623,31.28816691185955
95.7821694,47.29107993138754,31.49010923375472
95.9821321,47.3290796656507,31.68437296605046
96.1820949,47.358572201819975,31.87032250808557
96.3820577,47.378203845613086,32.04871112020293
96.5820205,47.38762359049234,32.22566357641635
96.7819832,47.387811055897956,32.40666470152994
96.9819460,47.37928678135281,32.59339813523152
97.1819088,47.362695384117885,32.786734311253696
97.3818716,47.33916064453629,32.98615025111723
97.5818343,47.310465087893036,33.1868774544777
97.7817971,47.27706192820779,33.38251108071112
97.9817599,47.238942075900354,33.567789796989594
98.1817227,47.19530496584265,33.73895567885981
98.3816854,47.1455238227988,33.894563715609515
98.5816482,47.08974006958027,34.03331322277275
98.7816110,47.02790470638355,34.15495884420978
98.9815738,46.955644821512884,34.266395580706714
99.1815365,46.869178433577844,34.375256500594155
99.3814993,46.76835315936367,34.48179662520405
99.5814621,46.65423655565822,34.58467353450884
99.7814249,46.52835245356946,34.682468855459376
99.9813876,46.3919803944207,34.77425147866395
100.1813504,46.24592904373089,34.85964382850195
100.3813132,46.09045726918095,34.93868144843223
100.5812760,45.92579747845986,35.01172801730611
100.7812387,45.75249102997427,35.07904549889171
100.9812015,45.57115842260474,35.14103438096848
101.1811643,45.38242700698555,35.198153122751606
101.3811271,45.18692874023731,35.250969815488475
101.5810898,44.98522210806073,35.30013516913444
101.7810526,44.77779036378441,35.34635971182799
101.9810154,44.56501716572335,35.39041480612311
102.1809782,44.34729891760231,35.43317713373484
102.3809409,44.126222626760374,35.475388196365664
102.5809037,43.90402828383623,35.517000520495536
102.7808665,43.68162443996059,35.55776539988377
102.9808293,43.45901790463255,35.597674259928674
103.1807920,43.23620978880196,35.63675573768241
103.3807548,43.01319890292824,35.675026670588046
103.5807176,42.789980452401814,35.71249887304571
103.7806804,42.566556346691854,35.74919413748915
103.9806431,42.34292667801335,35.78511819428373
104.1806059,42.11907164327175,35.820302260150854
104.3805687,41.8949978792976,35.8547638150608
104.5805315,41.670813782125116,35.88852562816923
104.7804942,41.44682670022956,35.921529237076314
104.9804570,41.22348985228102,35.95359550416092
105.1804198,41.00098415635879,35.98444791649292
105.3803826,40.77924825425184,36.01387997186653
105.5803453,40.55826357334073,36.041705306066454
105.7803081,40.338035892039095,36.067716439195635
105.9802709,40.11856792507291,36.091710996704705
106.1802337,39.899863444552906,36.113489589005695
106.3801965,39.681931298076286,36.13285032854228
106.5801592,39.46482515709947,36.149595286645095
106.7801220,39.24858714369384,36.16350689688122
106.9800848,39.03309311432521,36.17438054375518
107.1800476,38.818087357221195,36.1820748583058
107.3800103,38.603223335247485,36.186516224580124
107.5799731,38.3883709365729,36.18773532608048
107.7799359,38.17366395228064,36.18569242517983
107.9798987,37.958894625917075,36.18031224167709
108.1798614,37.74436937263674,36.17179577893686
108.3798242,37.53298959939229,36.1602973100541
108.5797870,37.32784394719275,36.14488557760042
108.7797498,37.13014432140441,36.12455852616246
108.9797125,36.94122542241678,36.09854764015561
109.1796753,36.76212104329878,36.06587258269017
109.3796381,36.58857991346236,36.02435970120471
109.5796009,36.41351000097473,35.97264040875327
109.7795636,36.2315373693631,35.909819598362574
109.9795264,36.03944623351955,35.83677588377566
110.1794892,35.83729523873506,35.755848024119636
110.3794520,35.62474249172519,35.66953457604111
110.5794147,35.40157560943959,35.58050046929986
110.7793775,35.172713062426794,35.49320763865027
110.9793403,34.944901589825086,35.41011675708917
111.1793031,34.720335937119245,35.33085321514429
111.3792658,34.49934837307243,35.25434823908741
111.5792286,34.28211604323959,35.17963838910203
111.7791914,34.07004625245595,35.10639000997056
111.9791542,33.86561108481705,35.03384246206761
112.1791169,33.670327563252016,34.96073165758973
112.3790797,33.4853416022078,34.886071318005456
112.5790425,33.31256861820353,34.80927829802999
112.7790053,33.15095444165024,34.727961162121495
112.9789680,32.99458577692241,34.638496074732565
113.1789308,32.837571982711474,34.538027383748755
113.3788936,32.67574890284495,34.42523914758718
113.5788564,32.50719003012014,34.30100835897322
113.7788191,32.33189159343381,34.16800713311866
113.9787819,32.151789552881255,34.03023900405765
114.1787447,31.971200189774358,33.89201324335779
114.3787075,31.795547492511552,33.7568474057935
114.5786702,31.628009046050234,33.62442834235582
114.7786330,31.468723943094393,33.49320772321662
114.9785958,31.318782602384303,33.36284808843003
115.1785586,31.178405191145742,33.23155900423359
115.3785213,31.04400970583516,33.09487248285578
115.5784841,30.911800081331396,32.95005790035974
115.7784469,30.780278337368607,32.79664819450427
115.9784097,30.64844584429906,32.63499696469707
116.1783724,30.515765722536415,32.46620917421468
116.3783352,30.382410587304776,32.292343783161975
116.5782980,30.249131904857908,32.11534008374336
116.7782608,30.116529723750723,31.93654139101282
116.9782235,29.984972054238636,31.756453962924382
117.1781863,29.854272552609192,31.57496753361254
117.3781491,29.72423610548732,31.392149264336435
117.5781119,29.59479403560284,31.208130864433873
117.7780746,29.465845217133467,31.022989141814776
117.9780374,29.33726051849691,30.83680362116447
118.1780002,29.208936880328356,30.64965970810959
118.3779630,29.080756750025827,30.461627757305482
118.5779257,28.95259186152691,30.272797928232436
118.7778885,28.824416796528244,30.083409832352967
118.9778513,28.696310020960333,29.893696908797338
119.1778141,28.56831244584502,29.703760320941434
119.3777768,28.44042734785337,29.51364035966134
119.5777396,28.31263204114863,29.323343495296065
119.7777024,28.184901652708223,29.13287986240576
119.9776652,28.057227001983,28.942259192716925
120.1776279,27.92958287263079,28.751499171381454
120.3775907,27.80195246576786,28.560610147160883
120.5775535,27.67431123864535,28.36960856471908
120.7775163,27.54664445540086,28.178504536640116
120.9774790,27.418932999567303,27.98731097507933
121.1774418,27.29115940618973,27.796039534065407
121.3774046,27.163303003380005,27.604703894148813
121.5773674,27.035345489815167,27.41331612664948
121.7773301,26.907266923125263,27.221889613155543
121.9772929,26.779048195728137,27.03043760278652
122.1772557,26.65067102334321,26.83897222908551
122.3772185,26.522115885356513,26.64750585792699
122.5771812,26.393364170936383,26.456052497933147
122.7771440,26.26439762441977,26.26462555235927
122.9771068,26.135193910302135,26.073232962547568
123.1770696,26.005736236999475,25.88189540151023
123.3770324,25.876031278777713,25.690657508674565
123.5769951,25.746098650202057,25.499560140270503
123.7769579,25.61595625410515,25.308627424900926
123.9769207,25.485615334182373,25.11786315239442
124.1768835,25.35507770141429,24.92726018326213
124.3768462,25.22434720433614,24.73681567953907
124.5768090,25.09342906963306,24.54652787292657
124.7767718,24.962327729365533,24.356393768831452
124.9767346,24.831047448874067,24.166410371036942
125.1766973,24.699592679175964,23.976574950006857
125.3766601,24.56796795254663,23.78688485566063
125.5766229,24.436177821750835,23.597337361831695
125.7765857,24.30422668945449,23.40792951625438
125.9765484,24.17211887483182,23.218658351780206
126.1765112,24.03985875178405,23.02952100509847
126.3764740,23.907450758854903,22.840514705807227
126.5764368,23.77489939371202,22.651636689658122
126.7763995,23.64220903270259,22.462883977755844
126.9763623,23.509383953345985,22.27425356063723
127.1763251,23.376428559883948,22.085742621651644
127.3762879,23.24334727258386,21.89734828345247
127.5762506,23.110144386622174,21.709067525391585
127.7762134,22.976824238406753,21.520897445103127
127.9761762,22.843391266096404,21.332835212196144
128.1761390,22.70984983446202,21.144877849693067
128.3761017,22.576204221761582,20.957022309082348
128.5760645,22.442458693149945,20.769265557859093
128.7760273,22.3086175364365,20.581604634724176
128.9759901,22.174685109663454,20.394036645821842
129.1759528,22.040665741336866,20.206558612562688
129.3759156,21.906563701168515,20.019167504391373
129.5758784,21.772383309825933,19.83186037240828
129.7758412,21.63812889369693,19.64463422435639
129.9758039,21.503804629604737,19.45748594064486
130.1757667,21.369414264704133,19.2704128401838
130.3757295,21.234962656870167,19.08341169507539
130.5756923,21.10045408774514,18.896479419812323
130.7756550,20.96589278752246,18.709612798732973
130.9756178,20.831283056737607,18.522808945887714
131.1755806,20.69662915189903,18.336065002722524
131.3755434,20.561935500003163,18.149377564885135
131.5755061,20.42720592680934,17.96274385241329
131.7754689,20.292445127493785,17.776160763429157
131.9754317,20.157656996741146,17.58962504376622
132.1753945,20.022845266108963,17.403133689035656
132.3753572,19.888015192854283,17.216685152657277
132.5753200,19.75316927976184,17.030272089742837
132.7752828,19.61829950421784,16.84387803098433
132.9752456,19.483394865136393,16.657491988136098
133.1752083,19.348448578049,16.471112327028752
133.3751711,19.213456075894047,16.28474068263164
133.5751339,19.078414072812482,16.098380446386802
133.7750967,18.943319150631087,15.912034427416387
133.9750594,18.808167719372527,15.725705082896853
134.1750222,18.672955797018037,15.539394964047398
134.3749850,18.537679700481192,15.353106761965867
134.5749478,18.40233593358003,15.166843401841785
134.7749105,18.2669207090288,14.980607544418033
134.9748733,18.13143028128707,14.794401609095567
135.1748361,17.995860815463914,14.608228506814873
135.3747989,17.860208756193856,14.422091143028869
135.5747616,17.724470557233033,14.235992356777478
135.7747244,17.58864183435303,14.04993464851129
135.9746872,17.452718672307906,13.86392003906641
136.1746500,17.31669882694831,13.67795359069194
136.3746127,17.18057951732577,13.492037548295617
136.5745755,17.044349729400757,13.306164989736631
136.7745383,16.908009302236138,13.120351202716453
136.9745011,16.771584279637004,12.934630249695564
137.1744638,16.635022226140467,12.748913003985152
137.3744266,16.49808303985566,12.562952385003557
137.5743894,16.360107145949794,12.37610558776264
137.7743522,16.220184198903024,12.187946005435581
137.9743149,16.077776127581398,11.998730500866916
138.1742777,15.932479838056539,11.808865820859769
138.3742405,15.783831885810725,11.618706431483234
138.5742033,15.631365878364113,11.428641918374494
138.7741660,15.474636596144142,11.239108632353386
138.9741288,15.313216410940795,11.050579581209274
139.1740916,15.14669765952892,10.863553967506766
139.3740544,14.974676140374932,10.67854775734105
139.5740171,14.79686484592734,10.496207926998853
139.7739799,14.613179251893362,10.317280673318287
139.9739427,14.423762948948651,10.142572852514366
140.1739055,14.228763398499204,9.972643708159321
140.3738682,14.027572669617458,9.807411528049244
140.5738310,13.819875906428717,9.647536083641562
140.7737938,13.60720246900878,9.494625743281501
140.9737566,13.38295531545765,9.344024061882482
141.1737194,13.127781329408599,9.190747298841247
141.3736821,12.82895168927749,9.04482621168839
141.5736449,12.495186314893946,8.927721834719405
141.7736077,12.170118189594655,8.857335822828139
141.9735705,11.888849740336683,8.819101310985356
142.1735332,11.637230869225572,8.793258217981379
142.3734960,11.395115408034826,8.772150017610864
142.5734588,11.153050807226744,8.753812042264009
142.7734216,10.908910944523834,8.738828500830813
142.9733843,10.664325268004674,8.727485274954416
143.1733471,10.419320870972493,8.719775069324418
143.3733099,10.173589097786566,8.715854629983266
143.5732727,9.927264412663057,8.715901475616255
143.7732354,9.680463364169,8.720053561164962
143.9731982,9.433218507682565,8.72846056571842
144.1731610,9.185629099441671,8.74127797304468
144.3731238,8.937736755619987,8.75864846112939
144.5730865,8.689330224607554,8.78077990768797
144.7730493,8.440218324666972,8.808009751520645
144.9730121,8.190403220424898,8.840715686345318
145.1729749,7.9399905510582585,8.879303558675339
145.3729376,7.689168195964929,8.924178178166239
145.5729004,7.438143295193146,8.975749605310197
145.7728632,7.187160650589892,9.034432788408084
145.9728260,6.936511676454288,9.100638992538872
146.1727887,6.68654361786987,9.174766307979477
146.3727515,6.437647984532727,9.257193316523296
146.5727143,6.190269529931426,9.348269536005
146.7726771,5.945479253506915,9.448054943982141
146.9726398,5.706438815593011,9.555196292993353
147.1726026,5.4755235875754105,9.66700701222264
147.3725654,5.252480409799933,9.781604113551385
147.5725282,5.036693270564244,9.897434442378191
147.7724909,4.827622481961616,10.012909719970391
147.9724537,4.623348315366731,10.127314343239904
148.1724165,4.421122671504904,10.241248688912604
148.3723793,4.217634415831117,10.35639065611759
148.5723420,4.010985137753604,10.474947515432893
148.7723048,3.8018054339650798,10.597953837528015
148.9722676,3.5909240819165626,10.72619165336054
149.1722304,3.3788389592544794,10.860749862906058
149.3721931,3.166179652304568,11.002786914218682
149.5721559,2.953811036016306,11.15343304154708
149.7721187,2.7428251350046993,11.313742694852072
149.9720815,2.5345711552930865,11.484591849932118
150.1720442,2.3306390303294577,11.666567472577917
150.3720070,2.133348533233286,11.85927821503064
150.5719698,1.9448604719133313,12.061309088627887
150.7719326,1.7659203097848704,12.271815964896602
150.9718953,1.5965811784907622,12.490886399694286
151.1718581,1.4368866780056713,12.719082843204898
151.3718209,1.2882072710421637,12.955692191733158
151.5717837,1.152600673227054,13.197025137565497
151.7717464,1.0304515043807174,13.438953696220606
151.9717092,0.9205654130353377,13.678632772092238
152.1716720,0.8209989539077438,13.914077856681729
152.3716348,0.7294559758033724,14.144356590092936
152.5715975,0.6435809301664666,14.369622327926102
152.7715603,0.5607857597640007,14.592313995490372
152.9715231,0.47906935690049895,14.817012244429288
153.1714859,0.3985837127068426,15.046312314035504
153.3714486,0.32040461595109926,15.280170370051486
153.5714114,0.2454562252532869,15.51885231229952
153.7713742,0.17498826751214397,15.761920770109308
153.9713370,0.11038548227336699,16.00663856599727
154.1712997,0.051758885509272316,16.250475361739188
154.3712625,-0.0015201699031280992,16.492806171845316
154.5712253,-0.050173300989706626,16.733336374619014
154.7711881,-0.09492364363928339,16.971841404782925
154.9711508,-0.13648293037617962,17.20812766631293
155.1711136,-0.17555332731232162,17.44204738295015
155.3710764,-0.21281792704793348,17.673497657988985
155.5710392,-0.24892328243297432,17.902340614562224
155.7710019,-0.28442952029809676,18.128425096424692
155.9709647,-0.32005319353340234,18.3518817153508
156.1709275,-0.3565070034756571,18.573325243182833
156.3708903,-0.39442911482278303,18.794381470688414
156.5708530,-0.43372826436933976,19.01652424749101
156.7708158,-0.47404584863960875,19.239883270682554
156.9707786,-0.5151043980310157,19.4643925011068
157.1707414,-0.5566184715405063,19.690144310946494
157.3707041,-0.5982805178366407,19.91720995827922
157.5706669,-0.6398167712191357,20.145626894730164
157.7706297,-0.6809242754559818,20.37545036927168
157.9705925,-0.7212928145200428,20.606738488528134
158.1705552,-0.7606051830158637,20.839543923307744
158.3705180,-0.7985376246243173,21.07391558062299
158.5704808,-0.8347592573022096,21.309897044068375
158.7704436,-0.8689319967483908,21.547525313439202
158.9704064,-0.900710143772791,21.78682575997906
159.1703691,-0.9297413403651755,22.027812006324776
159.3703319,-0.9556674839556634,22.270482576148687
159.5702947,-0.9781254143848571,22.51482175315564
159.7702575,-0.996746937299425,22.760783337896214
159.9702202,-1.011167477816958,23.008300469494696
160.1701830,-1.0210247598501412,23.25731819092727
160.3701458,-1.0259461636019171,23.50770739894799
160.5701086,-1.025583843917628,23.759273228297598
160.7700713,-1.0194717331253706,24.015797847392914
160.9700341,-1.004479354164208,24.2861145267271
161.1699969,-0.9735385345229565,24.576038508864272
161.3699597,-0.9172441387794021,24.886209867518676
161.5699224,-0.8228903806987234,25.216664917642667
161.7698852,-0.6767022143443967,25.55605347410962
161.9698480,-0.4785834608772629,25.876407177263232
162.1698108,-0.24721482656436486,26.15358582834715
162.3697735,-0.0069626447259060545,26.380624238398767
162.5697363,0.23187233086380857,26.571019883632502
162.7696991,0.4756809640310449,26.73924348141015
162.9696619,0.7257057377233401,26.889087442323504
163.1696246,0.9816534025383733,27.022571068715106
163.3695874,1.2475931352893006,27.141984016083562
163.5695502,1.527316204730952,27.246380070779928
163.7695130,1.821848264549034,27.332566917989276
163.9694757,2.1331353467177907,27.39665856125233
164.1694385,2.4609755462055203,27.432517238530842
164.3694013,2.7962952464788513,27.434009258771805
164.5693641,3.1264382487374687,27.40082850522252
164.7693268,3.4417913587037665,27.337534347373932
164.9692896,3.7386681669006223,27.2511603692981
165.1692524,4.0186311340939795,27.146808773782137
165.3692152,4.2832832003220185,27.028315961308877
165.5691779,4.533818989693881,26.898860477387338
165.7691407,4.771063857952427,26.76140722485067
165.9691035,4.995875868223264,26.61874449801836
166.1690663,5.209245162213528,26.473455936216055
166.3690290,5.412422991441347,26.327804190268726
166.5689918,5.606789201809382,26.18368165270957
166.7689546,5.793646976838188,26.0427624610651
166.9689174,5.974079775904969,25.906334940250098
167.1688801,6.149302564032544,25.775802001718407
167.3688429,6.320204257077448,25.652508880691805
167.5688057,6.48738116592,25.53770377191595
167.7687685,6.652477809447148,25.431855410104266
167.9687312,6.817358711817582,25.33454918107719
168.1686940,6.983207090244581,25.245572032841928
168.3686568,7.150344450661124,25.164978666304965
168.5686196,7.3181655095946,25.093295214008965
168.7685823,7.485959183386148,25.03118225556134
168.9685451,7.653156613236644,24.97917695453095
169.1685079,7.81915472397897,24.93774615289725
169.3684707,7.983281437824828,24.907275236538425
169.5684334,8.14490750626673,24.88806581429712
169.7683962,8.303634622742713,24.88033684358746
169.9683590,8.45952367103828,24.884163144236407
170.1683218,8.61248624267599,24.899552592436176
170.3682845,8.761890174279817,24.926394218500132
170.5682473,8.906132072064935,24.964282241332246
170.7682101,9.042860596152414,25.012511275475422
170.9681729,9.169312998424823,25.069861550920958
171.1681356,9.285011343772151,25.13644485268713
171.3680984,9.393564917888938,25.21437388691694
171.5680612,9.498328106084545,25.306048122437456
171.7680240,9.601053548995658,25.41315445800683
171.9679867,9.701305964572976,25.535012503301978
172.1679495,9.797586385147012,25.669659078859105
172.3679123,9.888511472294185,25.814618752574926
172.5678751,9.972703600464035,25.967324615025824
172.7678378,10.049007346087429,26.12539548377921
172.9678006,10.116688859951172,26.287694357157406
173.1677634,10.17567953983406,26.453943552331168
173.3677262,10.225880180559436,26.623586437023253
173.5676889,10.26711077273975,26.79597361063393
173.7676517,10.299252800935657,26.970512051877755
173.9676145,10.322209950301582,27.14662483700325
174.1675773,10.335906393441572,27.32371779153925
174.3675400,10.340307669544979,27.50112052630202
174.5675028,10.335360963331572,27.678234041243112
174.7674656,10.320989720144675,27.85492695659527
174.9674284,10.297260936521553,28.03120245600175
175.1673911,10.264262050708222,28.206888879283095
175.3673539,10.22216803399449,28.381599545822144
175.5673167,10.171209185903217,28.554713462561192
175.7672795,10.111598327418635,28.725653385663534
175.9672422,10.043570839968021,28.893890426865354
176.1672050,9.967387478877606,29.058855043715592
176.3671678,9.883286540368715,29.2200108214919
176.5671306,9.79152042898616,29.3769321443423
176.7670934,9.692542767386037,29.528972348089503
176.9670561,9.586554010792812,29.675521501076844
177.1670189,9.471793384746507,29.818361836933725
177.3669817,9.346539032396098,29.960704538958808
177.5669445,9.210572316452012,30.10424826400757
177.7669072,9.064446754310417,30.25014469036926
177.9668700,8.909238363437996,30.39927926229719
178.1668328,8.746633011828756,30.552425510807673
178.3667956,8.578925088944855,30.709871182943942
178.5667583,8.409503256814862,30.86994066715459
178.7667211,8.240918767312282,31.0302765067259
178.9666839,8.073289752473267,31.1903877553321
179.1666467,7.906302096110949,31.35040356417401
179.3666094,7.739894053837109,31.510208461926453
179.5665722,7.573681025257974,31.669982214575505
179.7665350,7.4072175969798915,31.830238376981033
179.9664978,7.2404560373737805,31.991270121343913
180.1664605,7.073528451500856,32.15319270386202
180.3664233,6.906557439199907,32.31613115758628
180.5663861,6.739666991873134,32.480213528596764
180.7663489,6.572986011497883,32.64556550121337
180.9663116,6.406644856686876,32.812313657654556
181.1662744,6.24077681180372,32.980585360629256
181.3662372,6.075518763120167,33.1505078516516
181.5662000,5.911012335600692,33.322207409335185
181.7661627,5.747403140548459,33.49580996548382
181.9661255,5.584842156328515,33.67144019217496
182.1660883,5.423486217211253,33.8492206049565
182.3660511,5.263498283638322,34.02927110982286
182.5660138,5.105047947667347,34.211707780706874
182.7659766,4.948309471818458,34.396645104721685
182.9659394,4.793467917028707,34.58418943219751
183.1659022,4.6407181098082075,34.77443486276424
183.3658649,4.490246143097514,34.96748392907335
183.5658277,4.342246893385244,35.16344425799846
183.7657905,4.196991707435189,35.362322806019236
183.9657533,4.05466509327969,35.56416142556747
184.1657160,3.9151978197932524,35.76945836202029
184.3656788,3.7785205629650753,35.97915378425323
184.5656416,3.6447547603286683,36.19444978763466
184.7656044,3.5146562366722,36.41621742792186
184.9655671,3.3893491954460013,36.64472576795136
185.1655299,3.2698080171514805,36.88053893052885
185.3654927,3.1575937618362904,37.12343973020844
185.5654555,3.055017930166562,37.37004292906589
185.7654182,2.9626638737094444,37.61634713125175
185.9653810,2.8795810047961257,37.86047130984221
186.1653438,2.8043170085639133,38.10134710612878
186.3653066,2.7352962852157963,38.33857301524362
186.5652693,2.6708985563011924,38.57260121526531
186.7652321,2.609877207046409,38.804328025132506
186.9651949,2.5513393128654456,39.03443913757023
187.1651577,2.494747593210651,39.26325704566593
187.3651204,2.43971287499709,39.49056829289075
187.5650832,2.3858060353351647,39.71616194612723
187.7650460,2.332594709980617,39.939953090443105
187.9650088,2.279663248084192,40.161935299798905
188.1649715,2.226615110926957,40.38199180543189
188.3649343,2.173117494755941,40.59971655082497
188.5648971,2.118460595912915,40.815447562026755
188.7648599,2.061863316944257,41.031000562635846
188.9648226,2.0023501122631107,41.251453107911374
189.1647854,1.940846847862119,41.48329330705854
189.3647482,1.8800952043860308,41.72895521821559
189.5647110,1.8239675858299367,41.988723989787275
189.7646737,1.7766993098176656,42.26319471706868
189.9646365,1.743126928439111,42.55263644851904
190.1645993,1.728659781812009,42.85685324349562
190.3645621,1.7396018722058424,43.17684553739789
190.5645248,1.7850326956379365,43.51438647018329
190.7644876,1.8790633271915083,43.871954169763704
190.9644504,2.038980515954973,44.23666477759636
191.1644132,2.2655324058819155,44.57526886461523
191.3643759,2.5340392014112,44.85663581208159
191.5643387,2.8088979181260947,45.0730030563638
191.7643015,3.072514258827891,45.24130115321733
191.9642643,3.324457615173351,45.37855684653819
192.1642270,3.5617803478105405,45.49412101547762
192.3641898,3.787846225440441,45.59773313377596
192.5641526,4.0167917445110275,45.69855515537977
192.7641154,4.261020440532508,45.798555868735704
192.9640781,4.5279011555762265,45.89474126069115
193.1640409,4.835624713629375,45.98268080731699
193.3640037,5.200080852840514,46.0425042656905
193.5639665,5.6083567843925906,46.042587218320875
193.7639292,6.028167790910149,45.96187934292514
193.9638920,6.42492966034974,45.7986135164647
194.1638548,6.762639224310044,45.57645117028882
194.3638176,7.02598883303335,45.33861815988692
194.5637804,7.224645215605845,45.120491140716
194.7637431,7.383188857968795,44.93280724715286
194.9637059,7.530350948965449,44.759425634907245
195.1636687,7.67827589039863,44.58605890245118
195.3636315,7.826350382666092,44.41299361936532
195.5635942,7.974459920650526,44.24083195378708
195.7635570,8.123006172272778,44.06924761713043
195.9635198,8.27217731619644,43.89798805650307
196.1634826,8.422049487557501,43.72685653883637
196.3634453,8.572640204243013,43.5556882170897
196.5634081,8.723882946755596,43.384343522481394
196.7633709,8.8756798772224,43.21275355319481
196.9633337,9.027937530019708,43.04083533242905
197.1632964,9.18055720504937,42.86848993407503
197.3632592,9.333446781578216,42.69563935999321
197.5632220,9.48651085837439,42.52220384296476
197.7631848,9.639651414262433,42.3480983087644
197.9631475,9.792752737543072,42.1732573816096
198.1631103,9.945596753878691,41.99775047717257
198.3630731,10.097604446239005,41.82218616978932
198.5630359,10.248435118356628,41.64737642203056
198.7629986,10.398237613445655,41.47363348946274
198.9629614,10.547294268773836,41.30115785386093
199.1629242,10.695863583939603,41.13016990135539
199.3628870,10.844196063233882,40.96089225407989
199.5628497,10.992507238061055,40.79352641933962
199.7628125,11.141022629260144,40.62829887560985
199.9627753,11.28993342652861,40.46542382286774
200.1627381,11.439444163560893,40.305142404453925
200.3627008,11.589733587367816,40.14769313771178
200.5626636,11.740978661436609,39.99332983450394
200.7626264,11.893333408272229,39.84230518159149
200.9625892,12.04695147802499,39.69489233569995
201.1625519,12.201972126450327,39.55136873316591
201.3625147,12.358509066724094,39.412008470993634
201.5624775,12.516678159351136,39.2770976383519
201.7624403,12.676573525991937,39.1469277737131
201.9624030,12.838270331182708,39.02179051505348
202.1623658,13.001856159967708,38.90195086877952
202.3623286,13.16738250906704,38.787668336150816
202.5622914,13.334798690885156,38.679258346527924
202.7622541,13.504272439026455,38.57693979026159
202.9622169,13.676363208699437,38.480605442746366
203.1621797,13.851745771088632,38.38992498969088
203.3621425,14.030918551465497,38.304506133234945
203.5621052,14.213751437423857,38.224129792879054
203.7620680,14.39984124232058,38.14883771988984
203.9620308,14.588909313251147,38.07858900559746
204.1619936,14.780719286871811,38.013334572736746
204.3619563,14.975005535997617,37.953011055361884
204.5619191,15.17152001098603,37.89758965980972
204.7618819,15.37002667095184,37.84700714372176
204.9618447,15.570322787606626,37.80123073809828
205.1618074,15.772179577658077,37.76020753897062
205.3617702,15.975263353728343,37.72392070902085
205.5617330,16.17926659759074,37.69241230427414
205.7616958,16.383982026048805,37.66569687526701
205.9616585,16.58928067926448,37.64380765169412
206.1616213,16.79508395673996,37.626738226141924
206.3615841,17.001302175893656,37.61449023646201
206.5615469,17.207836824702802,37.60705740294554
206.7615096,17.414595598852948,37.6044237674796
206.9614724,17.621484839947154,37.606577653240954
207.1614352,17.82840450320206,37.613486195509694
207.3613980,18.03528032424805,37.625139615554346
207.5613607,18.242073480293445,37.64149592245852
207.7613235,18.4488178931243,37.66252696317072
207.9612863,18.6555007904754,37.68812729133857
208.1612491,18.861918520192727,37.718207515517
208.3612118,19.068042032135356,37.752753965297856
208.5611746,19.27398020474492,37.791669131253535
208.7611374,19.47841463667131,37.83446077754051
208.9611002,19.679012233068537,37.88100651588176
209.1610629,19.873891931227543,37.93153481087404
209.3610257,20.06166958826221,37.986532340976694
209.5609885,20.24158644121555,38.04657880997843
209.7609513,20.41394331990537,38.11262119497433
209.9609140,20.580207456038135,38.18565573034757
210.1608768,20.74239142348805,38.266838658499665
210.3608396,20.90223964626646,38.35673378581258
210.5608024,21.059711481209686,38.45488365022062
210.7607651,21.214102201810555,38.560684147997264
210.9607279,21.365017236257682,38.67373425936196
211.1606907,21.512518919729928,38.79397222831621
211.3606535,21.657125467364473,38.92149994083108
211.5606163,21.7992459604193,39.05618868972784
211.7605790,21.939160174164265,39.19771004903921
211.9605418,22.07708385753516,39.345671776838614
212.1605046,22.213156501314895,39.499453647392464
212.3604674,22.34725455917141,39.65824892980086
212.5604301,22.479247822206016,39.82135607673558
212.7603929,22.609119759976487,39.98829625893569
212.9603557,22.736989768506294,40.158807999614865
213.1603185,22.863108537107866,40.332703933790626
213.3602812,22.987696974061382,40.5097527692209
213.5602440,23.110979513129582,40.68972671502979
213.7602068,23.2332005751801,40.872417599834
213.9601696,23.35462225137607,41.05760287469789
214.1601323,23.47548954366685,41.245081497862586
214.3600951,23.596107490028125,41.43469170695766
214.5600579,23.71671993496118,41.626123781210254
214.7600207,23.83730214492273,41.818695271466886
214.9599834,23.957648562128252,42.01190711272714
215.1599462,24.077707107515742,42.20559135565759
215.3599090,24.197482970548737,42.39969314956252
215.5598718,24.31704271181036,42.594199819581334
215.7598345,24.43644050488644,42.78908313455877
215.9597973,24.555711493846882,42.984314602495175
216.1597601,24.67490427391061,43.179864840777924
216.3597229,24.7940567577123,43.37571248944582
216.5596856,24.91321758514797,43.571828222528445
216.7596484,25.0324343277725,43.76818073909595
216.9596112,25.15174281036043,43.96471850827347
217.1595740,25.27111746485998,44.16132781818576
217.3595367,25.39050378267767,44.35791640981285
217.5594995,25.509884158429013,44.55447347947801
217.7594623,25.62925452886006,44.751003395973825
217.9594251,25.748609163095292,44.94750914877058
218.1593878,25.86794208986213,45.143994213736676
218.3593506,25.987247967953845,45.34046205793134
218.5593134,26.106520910750042,45.536916142018455
218.7592762,26.225755295867234,45.73335973591491
218.9592389,26.344945478209027,45.9297963595482
219.1592017,26.46408582408506,46.12622946794709
219.3591645,26.583170632859026,46.32266243667752
219.5591273,26.702194735862484,46.51909838901629
219.7590900,26.82115287117045,46.71554050071877
219.9590528,26.94003882112693,46.91199233393632
220.1590156,27.058845493232713,47.10845796605058
220.3589784,27.177568358985432,47.30494007384445
220.5589411,27.2962008627613,47.50144285099696
220.7589039,27.4147382225943,47.69796933178792
220.9588667,27.533173311082752,47.894521991752974
221.1588295,27.651501032099734,48.09110363676152
221.3587922,27.76971550905108,48.28772489958719
221.5587550,27.88781198218518,48.48437868378977
221.7587178,28.005764543986025,48.68103961400676
221.9586806,28.123528146718318,48.87767507841719
222.1586433,28.24104983534141,49.07426182577597
222.3586061,28.358285571627523,49.27081465609074
222.5585689,28.475210478380887,49.46735765530451
222.7585317,28.59178769821069,49.663906126562786
222.9584944,28.707983114047835,49.86048826548491
223.1584572,28.823788360705148,50.05713580824854
223.3584200,28.93914763788262,50.25382099044876
223.5583828,29.05397385056559,50.4505450340096
223.7583455,29.168356766022264,50.647589385480345
223.9583083,29.28227851981602,50.844629244652666
224.1582711,29.394652421629246,51.03998755647942
224.3582339,29.503657151514012,51.232139710501365
224.5581966,29.60759201346081,51.4203332312433
224.7581594,29.70501591793908,51.60457941515992
224.9581222,29.794889534182925,51.78534044206094
225.1580850,29.87625159524886,51.96269288667923
225.3580477,29.94808144005469,52.136529355107825
225.5580105,30.009547450633317,52.306772266211354
225.7579733,30.059931672882993,52.47331338254472
225.9579361,30.098758356023385,52.63603189641076
226.1578988,30.125749573129802,52.7955564247242
226.3578616,30.140995620439043,52.95257488939738
226.5578244,30.14445511549491,53.1069545575318
226.7577872,30.136226286024684,53.257357799929856
226.9577499,30.116606817524048,53.40097207126817
227.1577127,30.086220270771488,53.53448710076391
227.3576755,30.046190001087272,53.65481454124294
227.5576383,29.99653209556991,53.762459172798906
227.7576010,29.93706528406143,53.86006786887717
227.9575638,29.867524690167155,53.94888963325532
228.1575266,29.783714151342945,54.032547024027906
228.3574894,29.675211864997223,54.11906158275002
228.5574521,29.539820602888874,54.21149426915957
228.7574149,29.384234825349996,54.30600438515053
228.9573777,29.216559739356047,54.399252134363216
229.1573405,29.042307922881825,54.488241353997
229.3573033,28.86183022982477,54.57288318505723
229.5572660,28.674886754282802,54.65418024388793
229.7572288,28.482200966661456,54.73258600936814
229.9571916,28.284299980057785,54.808563274129526
230.1571544,28.081486052896544,54.88272077829087
230.3571171,27.874176259222246,54.95571986351582
230.5570799,27.66267343159931,55.02820753459387
230.7570427,27.44708698816106,55.101051761409586
230.9570055,27.228279312886364,55.1750682459388
231.1569682,27.007802626305423,55.25024560466731
231.3569310,26.786992765979104,55.326422761574975
231.5568938,26.566577516148147,55.40337798278145
231.7568566,26.346631609793008,55.48099922040616
231.9568193,26.12702300813503,55.55930726492142
232.1567821,25.907770922578287,55.63827537353668
232.3567449,25.688892603457298,55.71785973928974
232.5567077,25.47036761132991,55.79803350962008
232.7566704,25.252212556890548,55.87875883890612
232.9566332,25.034425633277593,55.95998882762945
233.1565960,24.816886548538875,56.04173048321977
233.3565588,24.60005702335219,56.123819180313575
233.5565215,24.385309214830638,56.20550273989714
233.7564843,24.173517626068865,56.28575021604479
233.9564471,23.96469453143393,56.36365265592616
234.1564099,23.758645209795848,56.4384161611257
234.3563726,23.555148337067635,56.50937752853273
234.5563354,23.354091934085556,56.57583638144131
234.7562982,23.15541817591531,56.63711603909251
234.9562610,22.95905065123254,56.692556080991615
235.1562237,22.765137857394365,56.74154166818015
235.3561865,22.573865779640307,56.78338818982811
235.5561493,22.384495627373568,56.817609000111986
235.7561121,22.195759683688927,56.84413027026827
235.9560748,22.00623267389176,56.86297545531488
236.1560376,21.81516128015138,56.87446344968402
236.3560004,21.622927851013724,56.87870789758552
236.5559632,21.430059422520227,56.87579884584014
236.7559259,21.23666699358416,56.865708112417124
236.9558887,21.041057189415692,56.84831532389625
237.1558515,20.84115749512899,56.824146999802885
237.3558143,20.636348139609304,56.794001880445734
237.5557770,20.426362975824443,56.75877133902815
237.7557398,20.21105112598169,56.719537698214616
237.9557026,19.99132598530604,56.677741915281686
238.1556654,19.768877606647308,56.63449746669249
238.3556281,19.54502499805777,56.590520874826204
238.5555909,19.320499033000967,56.54608939210948
238.7555537,19.0952319551311,56.50133055545471
238.9555165,18.869039417173216,56.456457832332326
239.1554792,18.64192301182495,56.41167360975857
239.3554420,18.41385932913746,56.36717357188077
239.5554048,18.184794804169663,56.323162287245054
239.7553676,17.954723291608936,56.27985572503921
239.9553303,17.723604213357934,56.2374503112467
240.1552931,17.49131902160908,56.19614980046144
240.3552559,17.2585333887895,56.156315759648734
240.5552187,17.026722691312425,56.118072438519384
240.7551814,16.79684431416423,56.08110257475078
240.9551442,16.569209197411475,56.04491524399679
241.1551070,16.34390245275033,56.00903003757405
241.3550698,16.120970188213217,55.97287033276383
241.5550325,15.90051617516139,55.93591461811399
241.7549953,15.682650375971196,55.897685331782206
241.9549581,15.467481867579396,55.857729286169764
242.1549209,15.255148661017314,55.815607778533426
242.3548836,15.045800148505611,55.77088663801224
242.5548464,14.839529053362751,55.723131376128805
242.7548092,14.635749406938604,55.67169721783559
242.9547720,14.43276265743565,55.61598060998389
243.1547347,14.229401107656066,55.556034660243036
243.3546975,14.025589896264991,55.4921599936543
243.5546603,13.8213089552838,55.424627527097954
243.7546231,13.61649969207257,55.35371910561098
243.9545858,13.41109571026696,55.27973618671701
244.1545486,13.205029348434161,55.20299594183654
244.3545114,12.998247331324036,55.1237959866372
244.5544742,12.790610415462023,55.042406435378304
244.7544369,12.581978239121819,54.959160467236515
244.9543997,12.37268705567216,54.87459708378993
245.1543625,12.163350349743949,54.789096305663925
245.3543253,11.954410815301197,54.70286570129824
245.5542880,11.746124800405537,54.61590673848127
245.7542508,11.538476924969396,54.528141359580815
245.9542136,11.331461509148431,54.43951000558254
246.1541764,11.125118683006356,54.34998033925023
246.3541391,10.919482546384263,54.259498113544005
246.5541019,10.714577995227444,54.16801078172369
246.7540647,10.510430066522906,54.07547461376065
246.9540275,10.307073715893035,53.98184063297361
247.1539903,10.10454241235722,53.887062409701855
247.3539530,9.902811551211995,53.79106182006356
247.5539158,9.701813101039546,53.69377337513508
247.7538786,9.501516424303244,53.59517127337993
247.9538414,9.301921210468956,53.495247919230884
248.1538041,9.103041825891601,53.394000278322
248.3537669,8.904894360905935,53.291425077668386
248.5537297,8.70749073817385,53.187520135391615
248.7536925,8.510846066331204,53.08227896184891
248.9536552,8.314972313994822,52.97570244338987
249.1536180,8.119884492049085,52.867783553314474
249.3535808,7.925596418997724,52.758520965351536
249.5535436,7.732128948635323,52.64791659019797
249.7535063,7.539564470797947,52.536012459016895
249.9534691,7.34805502412799,52.422846518307296
250.1534319,7.157707599644233,52.308389608791536
250.3533947,6.9685693279423395,52.192592013966625
250.5533574,6.7806919982118945,52.07540108182224
250.7533202,6.594128076554383,51.95676861407037
250.9532830,6.4089317333901885,51.83664488159806
251.1532458,6.225157061305984,51.714984035005315
251.3532085,6.0428611587955645,51.59173935316433
251.5531713,5.862102624480954,51.4668645807331
251.7531341,5.6829406284212185,51.34031654136825
251.9530969,5.505435340938942,51.2120533702521
252.1530596,5.329650125988081,51.08203274729276
252.3530224,5.15564773989302,50.950216044919266
252.5529852,4.983491784247424,50.81656594779553
252.7529480,4.813244775328616,50.68105036008941
252.9529107,4.6449818099623865,50.543627166065846
253.1528735,4.478757253178302,50.404279813054984
253.3528363,4.314641908891569,50.262960159600155
253.5527991,4.152703205935261,50.119658015368834
253.7527618,3.993037437776143,49.974365218977354
253.9527246,3.835666240221109,49.826992965166184
254.1526874,3.68059522720872,49.677515755762364
254.3526502,3.528233712675614,49.52631370515666
254.5526129,3.3794018341889602,49.37391806487545
254.7525757,3.2351704285866245,49.220902970619946
254.9525385,3.0965318659432284,49.06735242847267
255.1525013,2.9639031217496665,48.91292867626229
255.3524640,2.8378694315570625,48.75767525613188
255.5524268,2.719020799539012,48.601246233334294
255.7523896,2.6060176254569933,48.440719005709944
255.9523524,2.4962561988853254,48.27341741536703
256.1523151,2.3883899882592887,48.09869506024727
256.3522779,2.281376555197088,47.91656540464555
256.5522407,2.174268262054323,47.72756811911321
256.7522035,2.0668086038400184,47.533870507086405
256.9521662,1.9598761459234213,47.338075405526446
257.1521290,1.8543744513479268,47.142003209812934
257.3520918,1.751148134315838,46.94643021509984
257.5520546,1.6504781968942752,46.75111534353134
257.7520173,1.552488759023869,46.555839809931285
257.9519801,1.4574353382986647,46.36059787668183
258.1519429,1.365613296012157,46.16534021752464
258.3519057,1.277280008589918,45.96999771355932
258.5518684,1.1926785594694036,45.774499564061934
258.7518312,1.1120492365779089,45.57886165362716
258.9517940,1.0357223102683255,45.3831481807861
259.1517568,0.9637790540533449,45.186565224978715
259.3517195,0.8956863059683561,44.98772835913112
259.5516823,0.8308550016433088,44.78594315730706
259.7516451,0.7688661426371498,44.58111903866424
259.9516079,0.7093566802263177,44.37340794337814
260.1515706,0.6519917602816032,44.1629972173983
260.3515334,0.5963965732008615,43.950014897423365
260.5514962,0.5421808428626713,43.73458369484194
260.7514590,0.488951192662929,43.516830003380534
260.9514217,0.43629648035643,43.29686496552838
261.1513845,0.38377843433879516,43.074801614513724
261.3513473,0.3309064560342654,42.85080359368124
261.5513101,0.277429011419849,42.62549340999242
261.7512728,0.22341672966177556,42.400026773273325
261.9512356,0.16910119653183506,42.175020187442875
262.1511984,0.1145763573895546,41.95046457975182
262.3511612,0.05992713173276599,41.72633453939318
262.5511239,0.005239010342778154,41.50261603918806
262.7510867,-0.04939384534559179,41.27928772597832
262.9510495,-0.10390325442540375,41.05632921063818
263.1510123,-0.15818243528277237,40.83370862385415
263.3509750,-0.21215197168064023,40.611424189334
263.5509378,-0.26571536087135833,40.38945546113704
263.7509006,-0.31881420320797876,40.16764802052516
263.9508634,-0.37145719714793396,39.9458160374546
264.1508261,-0.4236712802042195,39.72383836944084
264.3507889,-0.475503090363952,39.501666858671
264.5507517,-0.5269687838487156,39.27932072319576
264.7507145,-0.5780797535540577,39.0568112350068
264.9506773,-0.628851401896469,38.834137656443055
265.1506400,-0.6793107171584855,38.61130598352644
265.3506028,-0.7294755894253439,38.38832183215796
265.5505656,-0.7793611098458267,38.16518900701492
265.7505284,-0.8289857141568319,37.94191176224418
265.9504911,-0.8783683622151384,37.71849452732901
266.1504539,-0.92752673257314,37.49494159827783
266.3504167,-0.9764801850183693,37.27125765544952
266.5503795,-1.0252478378115808,37.04744707014562
266.7503422,-1.0738484170341036,36.823514013452204
266.9503050,-1.1223012926170932,36.59946283445508
267.1502678,-1.1706286220209192,36.3752984245145
267.3502306,-1.2188374444341445,36.15102236274428
267.5501933,-1.2669545155348114,35.92664048038397
267.7501561,-1.3149968700560106,35.702156522202664
267.9501189,-1.362985957300809,35.47757520132476
268.1500817,-1.4109420069866716,35.252900873985375
268.3500444,-1.4588808549823036,35.02813680555151
268.5500072,-1.506821409186871,34.80328695922336
268.7499700,-1.5547834600967732,34.578355595878854
268.9499328,-1.60278384258485,34.353346457519486
269.1498955,-1.650844086856738,34.12826424248124
269.3498583,-1.6989803564747878,33.90311221556084
269.5498211,-1.747214422095009,33.677894941620075
269.7497839,-1.7955647282754774,33.452616592204414
269.9497466,-1.8440495577477773,33.227281212479326
270.1497094,-1.8926879500552676,33.001892882435506
270.3496722,-1.9414989643028142,32.77645577816266
270.5496350,-1.990501653605068,32.55097418599142
270.7495977,-2.0397150645762827,32.32545247146285
270.9495605,-2.0891582329153975,32.099895042004796
271.1495233,-2.1388502124491926,31.87430629835315
271.3494861,-2.188810110001235,31.648690526814224
271.5494488,-2.239057103588597,31.42305215800367
271.7494116,-2.2896101723277815,31.197396519814262
271.9493744,-2.340488141990412,30.971728261919992
272.1493372,-2.3917106857283192,30.746049795968922
272.3492999,-2.443297106801217,30.520368909968575
272.5492627,-2.495263616572434,30.294697485175135
272.7492255,-2.5476313183961925,30.069020476845186
272.9491883,-2.60042911675267,29.843336326614704
273.1491510,-2.653648153066322,29.617775200262752
273.3491138,-2.707207104355266,29.392541265765978
273.5490766,-2.7609705756500325,29.167856321808795
273.7490394,-2.81476580331502,28.943822198666112
273.9490021,-2.8684661149059933,28.720381948719858
274.1489649,-2.9219462665604627,28.497490655609674
274.3489277,-2.975065513998631,28.27512534907842
274.5488905,-3.027687943326486,28.053256894833982
274.7488532,-3.0796825535333827,27.83185315549006
274.9488160,-3.13092363328997,27.610883448251297
275.1487788,-3.181278392120395,27.39032756446833
275.3487416,-3.230619060521372,27.17016958833681
275.5487043,-3.278818264539958,26.950321963660254
275.7486671,-3.3257946525580144,26.730668626071303
275.9486299,-3.3714799575554055,26.51112152572252
276.1485927,-3.4158166163137187,26.291633435056365
276.3485554,-3.458733590207854,26.07220242862437
276.5485182,-3.500156911968462,25.852828539973576
276.7484810,-3.540016729618867,25.633504392595473
276.9484438,-3.57824265869379,25.414225749473474
277.1484065,-3.6147663051696437,25.194991439109195
277.3483693,-3.6495165797296347,24.975797824568684
277.5483321,-3.68243081969336,24.756648098634898
277.7482949,-3.713435358655253,24.537548214814873
277.9482576,-3.7424684408849545,24.31844604918488
278.1482204,-3.769498787294241,24.099252836150942
278.3481832,-3.794510929092762,23.879930361690633
278.5481460,-3.8174857420100072,23.660481918079068
278.7481087,-3.838402190208762,23.44092826357645
278.9480715,-3.8572360450245506,23.221293442037492
279.1480343,-3.873962129093314,23.001597650938006
279.3479971,-3.8885590004817385,22.781862538995487
279.5479598,-3.901000747461075,22.562110905085323
279.7479226,-3.911261560881813,22.342366091681413
279.9478854,-3.919318072754594,22.122652210087995
280.1478482,-3.925142730426634,21.902993767168876
280.3478109,-3.928710674607725,21.683416245310916
280.5477737,-3.929994011606969,21.463945545849175
280.7477365,-3.9289680872468624,21.24460890003733
280.9476993,-3.925604551451265,21.025434413268076
281.1476620,-3.919876033888781,20.806450000607875
281.3476248,-3.911755416466178,20.587685385763397
281.5475876,-3.901215837124014,20.369173599408732
281.7475504,-3.8882252591647175,20.150942872750996
281.9475131,-3.8727606699513677,19.933016605670947
282.1474759,-3.854800572844248,19.71545154855299
282.3474387,-3.834305025988914,19.498283734178298
282.5474015,-3.8112135515843093,19.28135889252311
282.7473643,-3.785546267589032,19.064451508098
282.9473270,-3.7573556022081265,18.8474054218186
283.1472898,-3.72675148249506,18.63014849126051
283.3472526,-3.6938397355402577,18.4127093093977
283.5472154,-3.6587268008098457,18.19510135979257
283.7471781,-3.6215127179762945,17.977319603332234
283.9471409,-3.58230502143507,17.75936280011436
284.1471037,-3.5412106193757236,17.541229057555473
284.3470665,-3.4983375433388644,17.322912370195205
284.5470292,-3.453793466080989,17.10440444454935
284.7469920,-3.407685819673746,16.885695534725315
284.9469548,-3.360122869504258,16.666773656598078
285.1469176,-3.3112114047274113,16.44762472454604
285.3468803,-3.261064253186651,16.228231946067382
285.5468431,-3.209783638165354,16.008578958244026
285.7468059,-3.157481057533495,15.788645756187542
285.9467687,-3.1042676983640756,15.568410677123873
286.1467314,-3.0502523044899603,15.347851109205719
286.3466942,-2.9955420028948803,15.126944159174668
286.5466570,-2.940237762688043,14.905667019255084
286.7466198,-2.8844643933383547,14.683988839202437
286.9465825,-2.828326179618799,14.461884955194195
287.1465453,-2.7719360752795534,14.239344524415463
287.3465081,-2.7154581602023486,14.016502757749915
287.5464709,-2.658979354559322,13.7936058810028
287.7464336,-2.6025074650004747,13.570758520457503
287.9463964,-2.546032463402204,13.347962057704867
288.1463592,-2.4895439439145832,13.125219102724406
288.3463220,-2.433031343024915,12.90253290632841
288.5462847,-2.3764837606673743,12.679906153467778
288.7462475,-2.319893510423723,12.457340783258768
288.9462103,-2.263245717815451,12.234840715560317
289.1461731,-2.2065308833312596,12.012408478177814
289.3461358,-2.1497365808002753,11.790047263397925
289.5460986,-2.0928537399163987,11.567759272085652
289.7460614,-2.0358691634175825,11.345547916707162
289.9460242,-1.9787732159389673,11.123415937877601
290.1459869,-1.9215524979085419,10.901366873146715
290.3459497,-1.8642019391129818,10.679401963088777
290.5459125,-1.806708846058698,10.45752449105031
290.7458753,-1.7490603165315524,10.235738037474697
290.9458380,-1.6912483897199269,10.01404521413587
291.1458008,-1.6332601111864953,9.792448935317127
291.3457636,-1.5750844114632716,9.570950986872148
291.5457264,-1.5167128584481606,9.349557307711295
291.7456891,-1.458132442965639,9.128272447686093
291.9456519,-1.3993268675113104,8.907079555016304
292.1456147,-1.3402846024925459,8.685946140790897
292.3455775,-1.2809996744852548,8.464833677799184
292.5455402,-1.2214813781202756,8.24371844481368
292.7455030,-1.161745688128433,8.02260095134352
292.9454658,-1.1018052901989652,7.8014800006909235
293.1454286,-1.041671566791904,7.5803511738307074
293.3453913,-0.9813596480168948,7.3592104928963
293.5453541,-0.9208825574065241,7.138054888120644
293.7453169,-0.8602520400175001,6.9168810622250065
293.9452797,-0.7994766269838149,6.695686700368626
294.1452424,-0.7385731260519874,6.474467435014742
294.3452052,-0.6775524388699898,6.253220367518676
294.5451680,-0.6164303191417034,6.03194113507913
294.7451308,-0.5552164226307094,5.810627056682025
294.9450935,-0.49392853496748096,5.589273248957363
295.1450563,-0.43257699255210397,5.367876960118369
295.3450191,-0.37117358573838916,5.146434953381229
295.5449819,-0.30973146984899674,4.924943537858666
295.7449446,-0.24826318437423592,4.703399318148097
295.9449074,-0.18678174810563036,4.481798730708336
296.1448702,-0.1253003039662776,4.260137886842175
296.3448330,-0.06383176749045871,4.03841315075084
296.5447957,-0.0023880380466211135,3.8166215768550917
296.7447585,0.059016678649358986,3.594759266024775
296.9447213,0.12037147515939386,3.372822938166639
297.1446841,0.18166152811416586,3.150808552127063
297.3446468,0.24287389171650717,2.9287126846456335
297.5446096,0.30399619462372973,2.706531816469959
297.7445724,0.36501559718804616,2.4842624730011655
297.9445352,0.4259190714675573,2.26190143992724
298.1444979,0.48669373418401785,2.03944519638995
298.3444607,0.5473266485962581,1.8168899788961916
298.5444235,0.607804710946975,1.5942324219335235
298.7443863,0.6681148487417468,1.3714693154641717
298.9443490,0.7282440452690417,1.1485972146514982
299.1443118,0.7881792177590373,0.9256127164280393
299.3442746,0.8479072392077903,0.7025125902210569
299.5442374,0.907414986223006,0.47929362553387367
299.7442002,0.9665312331175617,0.256515882852558
299.9441629,,
300.1441257,,
300.3440885,,
300.5440513,,
300.7440140,,
300.9439768,,
301.1439396,,
301.3439024,,
301.5438651,,
301.7438279,,
301.9437907,,
302.1437535,,
302.3437162,,
302.5436790,,
302.7436418,,
302.9436046,,
303.1435673,,
303.3435301,,
303.5434929,,
303.7434557,,
303.9434184,,
304.1433812,,
304.3433440,,
304.5433068,,
304.7432695,,
304.9432323,,
305.1431951,,
305.3431579,,
305.5431206,,
305.7430834,,
305.9430462,,
306.1430090,,
306.3429717,,
306.5429345,,
306.7428973,,
306.9428601,,
307.1428228,,
307.3427856,,
307.5427484,,
307.7427112,,
307.9426739,,
308.1426367,,
308.3425995,,
308.5425623,,
308.7425250,,
308.9424878,,
309.1424506,,
309.3424134,,
309.5423761,,
309.7423389,,
309.9423017,,
310.1422645,,
310.3422272,,
310.5421900,,
310.7421528,,
310.9421156,,
311.1420783,,
311.3420411,,
311.5420039,,
311.7419667,,
311.9419294,,
312.1418922,,
312.3418550,,
312.5418178,,
312.7417805,,
312.9417433,,
313.1417061,,
313.3416689,,
313.5416316,,
313.7415944,,
313.9415572,,
314.1415200,,
314.3414827,,
314.5414455,,
314.7414083,,
314.9413711,,
315.1413338,,
315.3412966,,
315.5412594,,
315.7412222,,
315.9411849,,
316.1411477,,
316.3411105,,
316.5410733,,
316.7410360,,
316.9409988,,
317.1409616,,
317.3409244,,
317.5408872,,
317.7408499,,
317.9408127,,
318.1407755,,
318.3407383,,
318.5407010,,
318.7406638,,
318.9406266,,
319.1405894,,
319.3405521,,
319.5405149,,
319.7404777,,
319.9404405,,
320.1404032,,
320.3403660,,
320.5403288,,
320.7402916,,
320.9402543,,
321.1402171,,
321.3401799,,
321.5401427,,
321.7401054,,
321.9400682,,
322.1400310,,
322.3399938,,
322.5399565,,
322.7399193,,
322.9398821,,
323.1398449,,
323.3398076,,
323.5397704,,
323.7397332,,
323.9396960,,
324.1396587,,
324.3396215,,
324.5395843,,
324.7395471,,
324.9395098,,
325.1394726,,
325.3394354,,
325.5393982,,
325.7393609,,
325.9393237,,
326.1392865,,
326.3392493,,
326.5392120,,
326.7391748,,
326.9391376,,
327.1391004,,
327.3390631,,
327.5390259,,
327.7389887,,
327.9389515,,
328.1389142,,
328.3388770,,
328.5388398,,
328.7388026,,
328.9387653,,
329.1387281,,
329.3386909,,
329.5386537,,
329.7386164,,
329.9385792,,
330.1385420,,
330.3385048,,
330.5384675,,
330.7384303,,
330.9383931,,
331.1383559,,
331.3383186,,
331.5382814,,
331.7382442,,
331.9382070,,
332.1381697,,
332.3381325,,
332.5380953,,
332.7380581,,
332.9380208,,
333.1379836,,
333.3379464,,
333.5379092,,
333.7378719,,
333.9378347,,
334.1377975,,
334.3377603,,
